ID,title,year,parental_guide,duration,genres,directors,director IDs,creators,creator IDs,actors,actor IDs,gross_usa
0111161,1. The Shawshank Redemption,1994,R,2h 22m,Drama,Frank Darabont,0001104,"Stephen King, Frank Darabont","0000175, 0001104","Tim Robbins, Morgan Freeman, Bob Gunton","0000209, 0000151, 0348409","$28,767,189"
0068646,2. The Godfather,1972,R,2h 55m,"Crime, Drama",Francis Ford Coppola,0000338,"Mario Puzo, Francis Ford Coppola","0701374, 0000338","Marlon Brando, Al Pacino, James Caan","0000008, 0000199, 0001001","$136,381,073"
0468569,3. The Dark Knight,2008,PG-13,2h 32m,"Action, Crime, Drama",Christopher Nolan,0634240,"Jonathan Nolan, Christopher Nolan, David S. Goyer","0634300, 0634240, 0275286","Christian Bale, Heath Ledger, Aaron Eckhart","0000288, 0005132, 0001173","$534,987,076"
0071562,4. The Godfather Part II,1974,R,3h 22m,"Crime, Drama",Francis Ford Coppola,0000338,"Francis Ford Coppola, Mario Puzo","0000338, 0701374","Al Pacino, Robert De Niro, Robert Duvall","0000199, 0000134, 0000380","$47,834,595"
0050083,5. 12 Angry Men,1957,Approved,1h 36m,"Crime, Drama",Sidney Lumet,0001486,Reginald Rose,0741627,"Henry Fonda, Lee J. Cobb, Martin Balsam","0000020, 0002011, 0000842",
0108052,6. Schindler's List,1993,R,3h 15m,"Biography, Drama, History",Steven Spielberg,0000229,"Thomas Keneally, Steven Zaillian","0447745, 0001873","Liam Neeson, Ralph Fiennes, Ben Kingsley","0000553, 0000146, 0001426","$96,898,818"
0167260,7. The Lord of the Rings: The Return of the King,2003,PG-13,3h 21m,"Action, Adventure, Drama",Peter Jackson,0001392,"J.R.R. Tolkien, Fran Walsh, Philippa Boyens","0866058, 0909638, 0101991","Elijah Wood, Viggo Mortensen, Ian McKellen","0000704, 0001557, 0005212","$379,427,292"
0110912,8. Pulp Fiction,1994,R,2h 34m,"Crime, Drama",Quentin Tarantino,0000233,"Quentin Tarantino, Roger Avary","0000233, 0000812","John Travolta, Uma Thurman, Samuel L. Jackson","0000237, 0000235, 0000168","$107,928,762"
0120737,9. The Lord of the Rings: The Fellowship of the Ring,2001,PG-13,2h 58m,"Action, Adventure, Drama",Peter Jackson,0001392,"J.R.R. Tolkien, Fran Walsh, Philippa Boyens","0866058, 0909638, 0101991","Elijah Wood, Ian McKellen, Orlando Bloom","0000704, 0005212, 0089217","$316,115,420"
0060196,"10. The Good, the Bad and the Ugly",1966,Approved,2h 58m,"Adventure, Western",Sergio Leone,0001466,"Luciano Vincenzoni, Sergio Leone, Agenore Incrocci","0898812, 0001466, 0408488","Clint Eastwood, Eli Wallach, Lee Van Cleef","0000142, 0908919, 0001812","$25,100,000"
0109830,11. Forrest Gump,1994,PG-13,2h 22m,"Drama, Romance",Robert Zemeckis,0000709,"Winston Groom, Eric Roth","0343165, 0744839","Tom Hanks, Robin Wright, Gary Sinise","0000158, 0000705, 0000641","$330,455,270"
0137523,12. Fight Club,1999,R,2h 19m,Drama,David Fincher,0000399,"Chuck Palahniuk, Jim Uhls","0657333, 0880243","Brad Pitt, Edward Norton, Meat Loaf","0000093, 0001570, 0001533","$37,030,102"
0167261,13. The Lord of the Rings: The Two Towers,2002,PG-13,2h 59m,"Action, Adventure, Drama",Peter Jackson,0001392,"J.R.R. Tolkien, Fran Walsh, Philippa Boyens","0866058, 0909638, 0101991","Elijah Wood, Ian McKellen, Viggo Mortensen","0000704, 0005212, 0001557","$342,952,511"
1375666,14. Inception,2010,PG-13,2h 28m,"Action, Adventure, Sci-Fi",Christopher Nolan,0634240,Christopher Nolan,0634240,"Leonardo DiCaprio, Joseph Gordon-Levitt, Elliot Page","0000138, 0330687, 0680983","$292,587,330"
0080684,15. Star Wars: Episode V - The Empire Strikes Back,1980,PG,2h 4m,"Action, Adventure, Fantasy",Irvin Kershner,0449984,"Leigh Brackett, Lawrence Kasdan, George Lucas","0102824, 0001410, 0000184","Mark Hamill, Harrison Ford, Carrie Fisher","0000434, 0000148, 0000402","$292,753,960"
0133093,16. The Matrix,1999,R,2h 16m,"Action, Sci-Fi","Lana Wachowski, Lilly Wachowski","0905154, 0905152","Lilly Wachowski, Lana Wachowski","0905152, 0905154","Keanu Reeves, Laurence Fishburne, Carrie-Anne Moss","0000206, 0000401, 0005251","$172,076,928"
0099685,17. Goodfellas,1990,R,2h 25m,"Biography, Crime, Drama",Martin Scorsese,0000217,"Nicholas Pileggi, Martin Scorsese","0683380, 0000217","Robert De Niro, Ray Liotta, Joe Pesci","0000134, 0000501, 0000582","$46,909,721"
0073486,18. One Flew Over the Cuckoo's Nest,1975,R,2h 13m,Drama,Milos Forman,0001232,"Lawrence Hauben, Bo Goldman, Ken Kesey","0369142, 0325743, 0450181","Jack Nicholson, Louise Fletcher, Michael Berryman","0000197, 0001221, 0077720","$108,981,275"
0114369,19. Se7en,1995,R,2h 7m,"Crime, Drama, Mystery",David Fincher,0000399,Andrew Kevin Walker,0001825,"Morgan Freeman, Brad Pitt, Kevin Spacey","0000151, 0000093, 0000228","$100,125,643"
0038650,20. It's a Wonderful Life,1946,PG,2h 10m,"Drama, Family, Fantasy",Frank Capra,0001008,"Frances Goodrich, Albert Hackett, Frank Capra","0329304, 0352443, 0001008","James Stewart, Donna Reed, Lionel Barrymore","0000071, 0001656, 0000859","$1,483,643"
0816692,21. Interstellar,2014,PG-13,2h 49m,"Adventure, Drama, Sci-Fi",Christopher Nolan,0634240,"Jonathan Nolan, Christopher Nolan","0634300, 0634240","Matthew McConaughey, Anne Hathaway, Jessica Chastain","0000190, 0004266, 1567113","$188,020,017"
0047478,22. Seven Samurai,1954,Not Rated,3h 27m,"Action, Drama",Akira Kurosawa,0000041,"Akira Kurosawa, Shinobu Hashimoto, Hideo Oguni","0000041, 0368074, 0644823","Toshirô Mifune, Takashi Shimura, Keiko Tsushima","0001536, 0793766, 0875477","$318,649"
0102926,23. The Silence of the Lambs,1991,R,1h 58m,"Crime, Drama, Thriller",Jonathan Demme,0001129,"Thomas Harris, Ted Tally","0365383, 0848217","Jodie Foster, Anthony Hopkins, Scott Glenn","0000149, 0000164, 0001277","$130,742,922"
0120815,24. Saving Private Ryan,1998,R,2h 49m,"Drama, War",Steven Spielberg,0000229,Robert Rodat,0734441,"Tom Hanks, Matt Damon, Tom Sizemore","0000158, 0000354, 0001744","$217,049,603"
0317248,25. City of God,2002,R,2h 10m,"Crime, Drama","Fernando Meirelles, Kátia Lund","0576987, 0526199","Paulo Lins, Bráulio Mantovani","0513130, 1130251","Alexandre Rodrigues, Leandro Firmino, Matheus Nachtergaele","1179105, 1129884, 0618690","$7,564,459"
0118799,26. Life Is Beautiful,1997,PG-13,1h 56m,"Comedy, Drama, Romance",Roberto Benigni,0000905,"Vincenzo Cerami, Roberto Benigni","0148437, 0000905","Roberto Benigni, Nicoletta Braschi, Giorgio Cantarini","0000905, 0000971, 0134493","$57,563,264"
0120689,27. The Green Mile,1999,R,3h 9m,"Crime, Drama, Fantasy",Frank Darabont,0001104,"Stephen King, Frank Darabont","0000175, 0001104","Tom Hanks, Michael Clarke Duncan, David Morse","0000158, 0003817, 0001556","$136,801,374"
0103064,28. Terminator 2: Judgment Day,1991,R,2h 17m,"Action, Sci-Fi",James Cameron,0000116,"James Cameron, William Wisher","0000116, 0936537","Arnold Schwarzenegger, Linda Hamilton, Edward Furlong","0000216, 0000157, 0000411","$205,881,154"
0076759,29. Star Wars: Episode IV - A New Hope,1977,PG,2h 1m,"Action, Adventure, Fantasy",George Lucas,0000184,George Lucas,0000184,"Mark Hamill, Harrison Ford, Carrie Fisher","0000434, 0000148, 0000402","$460,998,507"
9362722,30. Spider-Man: Across the Spider-Verse,2023,PG,2h 20m,"Animation, Action, Adventure","Joaquim Dos Santos, Kemp Powers, Justin K. Thompson","1690966, 5358492, 1042511","Phil Lord, Christopher Miller, Dave Callaham","0520488, 0588087, 1709264","Shameik Moore, Hailee Steinfeld, Brian Tyree Henry","4271336, 2794962, 3109964","$381,586,112"
0088763,31. Back to the Future,1985,PG,1h 56m,"Adventure, Comedy, Sci-Fi",Robert Zemeckis,0000709,"Robert Zemeckis, Bob Gale","0000709, 0301826","Michael J. Fox, Christopher Lloyd, Lea Thompson","0000150, 0000502, 0000670","$214,077,472"
0245429,32. Spirited Away,2001,PG,2h 5m,"Animation, Adventure, Family",Hayao Miyazaki,0594503,Hayao Miyazaki,0594503,"Daveigh Chase, Suzanne Pleshette, Miyu Irino","0153738, 0687189, 0997115","$15,205,725"
0253474,33. The Pianist,2002,R,2h 30m,"Biography, Drama, Music",Roman Polanski,0000591,"Ronald Harwood, Wladyslaw Szpilman","0367838, 0844262","Adrien Brody, Thomas Kretschmann, Frank Finlay","0004778, 0470981, 0277975","$32,577,235"
6751668,34. Parasite,2019,R,2h 12m,"Drama, Thriller",Bong Joon Ho,0094435,"Bong Joon Ho, Han Jin-won","0094435, 8243301","Song Kang-ho, Lee Sun-kyun, Cho Yeo-jeong","0814280, 1310525, 1856097","$53,369,749"
0054215,35. Psycho,1960,R,1h 49m,"Horror, Mystery, Thriller",Alfred Hitchcock,0000033,"Joseph Stefano, Robert Bloch","0825010, 0088645","Anthony Perkins, Janet Leigh, Vera Miles","0000578, 0001463, 0587256","$32,000,000"
0172495,36. Gladiator,2000,R,2h 35m,"Action, Adventure, Drama",Ridley Scott,0000631,"David Franzoni, John Logan, William Nicholson","0291905, 0517589, 0629933","Russell Crowe, Joaquin Phoenix, Connie Nielsen","0000128, 0001618, 0001567","$187,705,427"
0110357,37. The Lion King,1994,G,1h 28m,"Animation, Adventure, Drama","Roger Allers, Rob Minkoff","0021249, 0591450","Irene Mecchi, Jonathan Roberts, Linda Woolverton","0575293, 0731271, 0941314","Matthew Broderick, Jeremy Irons, James Earl Jones","0000111, 0000460, 0000469","$422,783,777"
0110413,38. Léon: The Professional,1994,R,1h 50m,"Action, Crime, Drama",Luc Besson,0000108,Luc Besson,0000108,"Jean Reno, Gary Oldman, Natalie Portman","0000606, 0000198, 0000204","$19,501,238"
0407887,39. The Departed,2006,R,2h 31m,"Crime, Drama, Thriller",Martin Scorsese,0000217,"William Monahan, Alan Mak, Felix Chong","1184258, 0538320, 0159039","Leonardo DiCaprio, Matt Damon, Jack Nicholson","0000138, 0000354, 0000197","$132,399,394"
0120586,40. American History X,1998,R,1h 59m,"Crime, Drama",Tony Kaye,0443411,David McKenna,0571346,"Edward Norton, Edward Furlong, Beverly D&apos;Angelo","0001570, 0000411, 0000350","$6,719,864"
2582802,41. Whiplash,2014,R,1h 46m,"Drama, Music",Damien Chazelle,3227090,Damien Chazelle,3227090,"Miles Teller, J.K. Simmons, Melissa Benoist","1886602, 0799777, 2552034","$13,092,000"
0482571,42. The Prestige,2006,PG-13,2h 10m,"Drama, Mystery, Sci-Fi",Christopher Nolan,0634240,"Jonathan Nolan, Christopher Nolan, Christopher Priest","0634300, 0634240, 1793993","Christian Bale, Hugh Jackman, Scarlett Johansson","0000288, 0413168, 0424060","$53,089,891"
0095327,43. Grave of the Fireflies,1988,Not Rated,1h 29m,"Animation, Drama, War",Isao Takahata,0847223,"Akiyuki Nosaka, Isao Takahata","0636435, 0847223","Tsutomu Tatsumi, Ayano Shiraishi, Akemi Yamaguchi","0851302, 0794186, 0945312","$516,962"
0056058,44. Harakiri,1962,Not Rated,2h 13m,"Action, Drama, Mystery",Masaki Kobayashi,0462030,"Yasuhiko Takiguchi, Shinobu Hashimoto","0847668, 0368074","Tatsuya Nakadai, Akira Ishihama, Shima Iwashita","0619938, 0410968, 0412615",
0114814,45. The Usual Suspects,1995,R,1h 46m,"Crime, Drama, Mystery",Bryan Singer,0001741,Christopher McQuarrie,0003160,"Kevin Spacey, Gabriel Byrne, Chazz Palminteri","0000228, 0000321, 0001590","$23,341,568"
0034583,46. Casablanca,1942,PG,1h 42m,"Drama, Romance, War",Michael Curtiz,0002031,"Julius J. Epstein, Philip G. Epstein, Howard Koch","0258493, 0258525, 0462321","Humphrey Bogart, Ingrid Bergman, Paul Henreid","0000007, 0000006, 0002134","$4,219,709"
1675434,47. The Intouchables,2011,R,1h 52m,"Biography, Comedy, Drama","Olivier Nakache, Éric Toledano","0619923, 0865918","Olivier Nakache, Éric Toledano, Philippe Pozzo di Borgo","0619923, 0865918, 4778840","François Cluzet, Omar Sy, Anne Le Ny","0167388, 1082477, 0494504","$10,198,820"
0027977,48. Modern Times,1936,G,1h 27m,"Comedy, Drama, Romance",Charles Chaplin,0000122,Charles Chaplin,0000122,"Charles Chaplin, Paulette Goddard, Henry Bergman","0000122, 0002104, 0074788","$163,577"
0095765,49. Cinema Paradiso,1988,PG,2h 35m,"Drama, Romance",Giuseppe Tornatore,0868153,"Giuseppe Tornatore, Vanna Paoli","0868153, 0660031","Philippe Noiret, Enzo Cannavale, Antonella Attili","0634159, 0134073, 0041066","$12,397,210"
0047396,50. Rear Window,1954,PG,1h 52m,"Mystery, Thriller",Alfred Hitchcock,0000033,"John Michael Hayes, Cornell Woolrich","0371088, 0941280","James Stewart, Grace Kelly, Wendell Corey","0000071, 0000038, 0179819","$36,764,313"
0064116,51. Once Upon a Time in the West,1968,PG-13,2h 46m,Western,Sergio Leone,0001466,"Sergio Donati, Sergio Leone, Dario Argento","0006872, 0001466, 0000783","Henry Fonda, Charles Bronson, Claudia Cardinale","0000020, 0000314, 0001012","$5,321,508"
0078748,52. Alien,1979,R,1h 57m,"Horror, Sci-Fi",Ridley Scott,0000631,"Dan O&apos;Bannon, Ronald Shusett","0639321, 0795953","Sigourney Weaver, Tom Skerritt, John Hurt","0000244, 0000643, 0000457","$81,900,459"
23849204,53. 12th Fail,2023,,2h 27m,"Biography, Drama",Vidhu Vinod Chopra,0006765,"Vidhu Vinod Chopra, Jaskunwar Kohli, Anurag Pathak","0006765, 8402629, 15090267","Vikrant Massey, Medha Shankar, Joshi Anantvijay","5447706, 10791162, 9744869",
0021749,54. City Lights,1931,G,1h 27m,"Comedy, Drama, Romance",Charles Chaplin,0000122,"Charles Chaplin, Harry Carr, Harry Crocker","0000122, 0139714, 0188357","Charles Chaplin, Virginia Cherrill, Florence Lee","0000122, 0156039, 5681967","$19,181"
0078788,55. Apocalypse Now,1979,R,2h 27m,"Drama, Mystery, War",Francis Ford Coppola,0000338,"John Milius, Francis Ford Coppola, Michael Herr","0587518, 0000338, 0380282","Martin Sheen, Marlon Brando, Robert Duvall","0000640, 0000008, 0000380","$96,042,913"
1853728,56. Django Unchained,2012,R,2h 45m,"Drama, Western",Quentin Tarantino,0000233,Quentin Tarantino,0000233,"Jamie Foxx, Christoph Waltz, Leonardo DiCaprio","0004937, 0910607, 0000138","$162,805,434"
0209144,57. Memento,2000,R,1h 53m,"Mystery, Thriller",Christopher Nolan,0634240,"Christopher Nolan, Jonathan Nolan","0634240, 0634300","Guy Pearce, Carrie-Anne Moss, Joe Pantoliano","0001602, 0005251, 0001592","$25,544,867"
0910970,58. WALL·E,2008,G,1h 38m,"Animation, Adventure, Family",Andrew Stanton,0004056,"Andrew Stanton, Pete Docter, Jim Reardon","0004056, 0230032, 0714114","Ben Burtt, Elissa Knight, Jeff Garlin","0123785, 2264184, 0307531","$223,808,164"
0082971,59. Raiders of the Lost Ark,1981,PG,1h 55m,"Action, Adventure",Steven Spielberg,0000229,"Lawrence Kasdan, George Lucas, Philip Kaufman","0001410, 0000184, 0442241","Harrison Ford, Karen Allen, Paul Freeman","0000148, 0000261, 0293550","$248,159,971"
0405094,60. The Lives of Others,2006,R,2h 17m,"Drama, Mystery, Thriller",Florian Henckel von Donnersmarck,0003697,Florian Henckel von Donnersmarck,0003697,"Ulrich Mühe, Martina Gedeck, Sebastian Koch","0618057, 0311476, 0462407","$11,286,112"
0043014,61. Sunset Blvd.,1950,Passed,1h 50m,"Drama, Film-Noir",Billy Wilder,0000697,"Charles Brackett, Billy Wilder, D.M. Marshman Jr.","0102818, 0000697, 0551261","William Holden, Gloria Swanson, Erich von Stroheim","0000034, 0841797, 0002233","$299,645"
0050825,62. Paths of Glory,1957,Approved,1h 28m,"Drama, War",Stanley Kubrick,0000040,"Stanley Kubrick, Calder Willingham, Jim Thompson","0000040, 0932229, 0860292","Kirk Douglas, Ralph Meeker, Adolphe Menjou","0000018, 0576127, 0579663",
4154756,63. Avengers: Infinity War,2018,PG-13,2h 29m,"Action, Adventure, Sci-Fi","Anthony Russo, Joe Russo","0751577, 0751648","Christopher Markus, Stephen McFeely, Stan Lee","1321655, 1321656, 0498278","Robert Downey Jr., Chris Hemsworth, Mark Ruffalo","0000375, 1165110, 0749263","$678,815,482"
4633694,64. Spider-Man: Into the Spider-Verse,2018,PG,1h 57m,"Animation, Action, Adventure","Bob Persichetti, Peter Ramsey, Rodney Rothman","2130108, 0709056, 0745247","Phil Lord, Rodney Rothman","0520488, 0745247","Shameik Moore, Jake Johnson, Hailee Steinfeld","4271336, 2159926, 2794962","$190,241,310"
0081505,65. The Shining,1980,R,2h 26m,"Drama, Horror",Stanley Kubrick,0000040,"Stephen King, Stanley Kubrick, Diane Johnson","0000175, 0000040, 0424956","Jack Nicholson, Shelley Duvall, Danny Lloyd","0000197, 0001167, 0515950","$45,634,352"
0051201,66. Witness for the Prosecution,1957,Approved,1h 56m,"Crime, Drama, Mystery",Billy Wilder,0000697,"Agatha Christie, Billy Wilder, Harry Kurnitz","0002005, 0000697, 0475823","Tyrone Power, Marlene Dietrich, Charles Laughton","0000061, 0000017, 0001452",
0032553,67. The Great Dictator,1940,G,2h 5m,"Comedy, Drama, War",Charles Chaplin,0000122,Charles Chaplin,0000122,"Charles Chaplin, Paulette Goddard, Jack Oakie","0000122, 0002104, 0642988",
0090605,68. Aliens,1986,R,2h 17m,"Action, Adventure, Sci-Fi",James Cameron,0000116,"James Cameron, David Giler, Walter Hill","0000116, 0318429, 0001353","Sigourney Weaver, Michael Biehn, Carrie Henn","0000244, 0000299, 0001343","$85,160,248"
0361748,69. Inglourious Basterds,2009,R,2h 33m,"Adventure, Drama, War",Quentin Tarantino,0000233,Quentin Tarantino,0000233,"Brad Pitt, Diane Kruger, Eli Roth","0000093, 1208167, 0744834","$120,540,719"
1345836,70. The Dark Knight Rises,2012,PG-13,2h 44m,"Action, Drama, Thriller",Christopher Nolan,0634240,"Jonathan Nolan, Christopher Nolan, David S. Goyer","0634300, 0634240, 0275286","Christian Bale, Tom Hardy, Anne Hathaway","0000288, 0362766, 0004266","$448,149,584"
0169547,71. American Beauty,1999,R,2h 2m,Drama,Sam Mendes,0005222,Alan Ball,0050332,"Kevin Spacey, Annette Bening, Thora Birch","0000228, 0000906, 0000301","$130,096,601"
0057012,72. Dr. Strangelove or: How I Learned to Stop Worrying and Love the Bomb,1964,PG,1h 35m,"Comedy, War",Stanley Kubrick,0000040,"Stanley Kubrick, Terry Southern, Peter George","0000040, 0816143, 0313570","Peter Sellers, George C. Scott, Sterling Hayden","0000634, 0001715, 0001330","$9,440,272"
0364569,73. Oldboy,2003,R,2h,"Action, Drama, Mystery",Park Chan-wook,0661791,"Garon Tsuchiya, Nobuaki Minegishi, Park Chan-wook","1628380, 2057405, 0661791","Choi Min-sik, Yoo Ji-tae, Kang Hye-jeong","0158856, 0949167, 1367246","$2,458,200"
2380307,74. Coco,2017,PG,1h 45m,"Animation, Adventure, Drama","Lee Unkrich, Adrian Molina","0881279, 2937122","Lee Unkrich, Jason Katz, Matthew Aldrich","0881279, 0441735, 0017690","Anthony Gonzalez, Gael García Bernal, Benjamin Bratt","5645519, 0305558, 0000973","$210,460,015"
0086879,75. Amadeus,1984,PG,2h 40m,"Biography, Drama, Music",Milos Forman,0001232,"Peter Shaffer, Zdenek Mahler","0787323, 0537004","F. Murray Abraham, Tom Hulce, Elizabeth Berridge","0000719, 0001371, 0000931","$51,973,029"
0114709,76. Toy Story,1995,G,1h 21m,"Animation, Adventure, Comedy",John Lasseter,0005124,"John Lasseter, Pete Docter, Andrew Stanton","0005124, 0230032, 0004056","Tom Hanks, Tim Allen, Don Rickles","0000158, 0000741, 0725543","$223,225,679"
0082096,77. The Boat,1981,,2h 29m,"Drama, War",Wolfgang Petersen,0000583,"Wolfgang Petersen, Lothar G. Buchheim","0000583, 0118164","Jürgen Prochnow, Herbert Grönemeyer, Klaus Wennemann","0001638, 0344963, 0921044","$11,487,676"
0112573,78. Braveheart,1995,R,2h 58m,"Biography, Drama, History",Mel Gibson,0000154,Randall Wallace,0908824,"Mel Gibson, Sophie Marceau, Patrick McGoohan","0000154, 0000521, 0001526","$75,609,945"
15398776,79. Oppenheimer,2023,R,3h,"Biography, Drama, History",Christopher Nolan,0634240,"Christopher Nolan, Kai Bird, Martin Sherwin","0634240, 3284831, 2452558","Cillian Murphy, Emily Blunt, Matt Damon","0614165, 1289434, 0000354","$328,185,450"
4154796,80. Avengers: Endgame,2019,PG-13,3h 1m,"Action, Adventure, Drama","Anthony Russo, Joe Russo","0751577, 0751648","Christopher Markus, Stephen McFeely, Stan Lee","1321655, 1321656, 0498278","Robert Downey Jr., Chris Evans, Mark Ruffalo","0000375, 0262635, 0749263","$858,373,000"
7286456,81. Joker,2019,R,2h 2m,"Crime, Drama, Thriller",Todd Phillips,0680846,"Todd Phillips, Scott Silver, Bob Kane","0680846, 0798788, 0004170","Joaquin Phoenix, Robert De Niro, Zazie Beetz","0001618, 0000134, 5939164","$335,477,657"
0119698,82. Princess Mononoke,1997,PG-13,2h 14m,"Animation, Action, Adventure",Hayao Miyazaki,0594503,"Hayao Miyazaki, Neil Gaiman","0594503, 0301274","Yôji Matsuda, Yuriko Ishida, Yûko Tanaka","0559444, 0410942, 0849100","$4,845,631"
0119217,83. Good Will Hunting,1997,R,2h 6m,"Drama, Romance",Gus Van Sant,0001814,"Matt Damon, Ben Affleck","0000354, 0000255","Robin Williams, Matt Damon, Ben Affleck","0000245, 0000354, 0000255","$138,433,435"
5311514,84. Your Name.,2016,TV-PG,1h 46m,"Animation, Drama, Fantasy",Makoto Shinkai,1396121,"Makoto Shinkai, Clark Cheng","1396121, 1038805","Ryunosuke Kamiki, Mone Kamishiraishi, Ryo Narita","1126340, 4759838, 6954008","$5,017,246"
0087843,85. Once Upon a Time in America,1984,R,3h 49m,"Crime, Drama",Sergio Leone,0001466,"Harry Grey, Leonardo Benvenuti, Piero De Bernardi","0340580, 0073053, 0207401","Robert De Niro, James Woods, Elizabeth McGovern","0000134, 0000249, 0001527","$5,321,508"
1187043,86. 3 Idiots,2009,PG-13,2h 50m,"Comedy, Drama",Rajkumar Hirani,0386246,"Abhijat Joshi, Rajkumar Hirani, Vidhu Vinod Chopra","0430785, 0386246, 0006765","Aamir Khan, Madhavan, Mona Singh","0451148, 0534856, 1587175","$6,532,874"
0057565,87. High and Low,1963,Not Rated,2h 23m,"Crime, Drama, Mystery",Akira Kurosawa,0000041,"Hideo Oguni, Ryûzô Kikushima, Eijirô Hisaita","0644823, 0452878, 0386750","Toshirô Mifune, Yutaka Sada, Tatsuya Nakadai","0001536, 0755403, 0619938","$46,808"
0045152,88. Singin' in the Rain,1952,G,1h 43m,"Comedy, Musical, Romance","Stanley Donen, Gene Kelly","0002045, 0000037","Betty Comden, Adolph Green","0173679, 0337582","Gene Kelly, Donald O&apos;Connor, Debbie Reynolds","0000037, 0640307, 0001666","$1,884,537"
8267604,89. Capernaum,2018,R,2h 6m,Drama,Nadine Labaki,1701024,"Nadine Labaki, Jihad Hojeily, Michelle Keserwany","1701024, 2764802, 9878616","Zain Al Rafeea, Yordanos Shiferaw, Boluwatife Treasure Bankole","9862858, 9862859, 9862860","$1,661,096"
0180093,90. Requiem for a Dream,2000,Unrated,1h 42m,Drama,Darren Aronofsky,0004716,"Hubert Selby Jr., Darren Aronofsky","0782968, 0004716","Ellen Burstyn, Jared Leto, Jennifer Connelly","0000995, 0001467, 0000124","$3,635,482"
0091251,91. Come and See,1985,Not Rated,2h 22m,"Drama, Thriller, War",Elem Klimov,0459552,"Ales Adamovich, Elem Klimov","0010696, 0459552","Aleksey Kravchenko, Olga Mironova, Liubomiras Laucevicius","0470385, 0592500, 0490708","$71,909"
0435761,92. Toy Story 3,2010,G,1h 43m,"Animation, Adventure, Comedy",Lee Unkrich,0881279,"John Lasseter, Andrew Stanton, Lee Unkrich","0005124, 0004056, 0881279","Tom Hanks, Tim Allen, Joan Cusack","0000158, 0000741, 0000349","$415,004,880"
0086190,93. Star Wars: Episode VI - Return of the Jedi,1983,PG,2h 11m,"Action, Adventure, Fantasy",Richard Marquand,0549658,"Lawrence Kasdan, George Lucas","0001410, 0000184","Mark Hamill, Harrison Ford, Carrie Fisher","0000434, 0000148, 0000402","$316,566,101"
0338013,94. Eternal Sunshine of the Spotless Mind,2004,R,1h 48m,"Drama, Romance, Sci-Fi",Michel Gondry,0327273,"Charlie Kaufman, Michel Gondry, Pierre Bismuth","0442109, 0327273, 1410028","Jim Carrey, Kate Winslet, Tom Wilkinson","0000120, 0000701, 0929489","$34,400,301"
2106476,95. The Hunt,2012,R,1h 55m,Drama,Thomas Vinterberg,0899121,"Thomas Vinterberg, Tobias Lindholm","0899121, 2105585","Mads Mikkelsen, Thomas Bo Larsen, Annika Wedderkopp","0586568, 0488917, 5038871","$613,308"
0062622,96. 2001: A Space Odyssey,1968,G,2h 29m,"Adventure, Sci-Fi",Stanley Kubrick,0000040,"Stanley Kubrick, Arthur C. Clarke","0000040, 0002009","Keir Dullea, Gary Lockwood, William Sylvester","0001158, 0516972, 0843213","$60,481,243"
0105236,97. Reservoir Dogs,1992,R,1h 39m,"Crime, Thriller",Quentin Tarantino,0000233,"Quentin Tarantino, Roger Avary","0000233, 0000812","Harvey Keitel, Tim Roth, Michael Madsen","0000172, 0000619, 0000514","$2,832,029"
0044741,98. Ikiru,1952,Not Rated,2h 23m,Drama,Akira Kurosawa,0000041,"Akira Kurosawa, Shinobu Hashimoto, Hideo Oguni","0000041, 0368074, 0644823","Takashi Shimura, Nobuo Kaneko, Shin&apos;ichi Himori","0793766, 0437520, 0385443","$60,239"
0056172,99. Lawrence of Arabia,1962,Approved,3h 38m,"Adventure, Biography, Drama",David Lean,0000180,"Robert Bolt, Michael Wilson","0004122, 0933858","Peter O&apos;Toole, Alec Guinness, Anthony Quinn","0000564, 0000027, 0000063","$45,306,425"
0053604,100. The Apartment,1960,Approved,2h 5m,"Comedy, Drama, Romance",Billy Wilder,0000697,"Billy Wilder, I.A.L. Diamond","0000697, 0224634","Jack Lemmon, Shirley MacLaine, Fred MacMurray","0000493, 0000511, 0534045","$18,600,000"
0033467,101. Citizen Kane,1941,PG,1h 59m,"Drama, Mystery",Orson Welles,0000080,"Herman J. Mankiewicz, Orson Welles, John Houseman","0542534, 0000080, 0002144","Orson Welles, Joseph Cotten, Dorothy Comingore","0000080, 0001072, 0173827","$1,627,530"
0053125,102. North by Northwest,1959,Approved,2h 16m,"Action, Adventure, Mystery",Alfred Hitchcock,0000033,Ernest Lehman,0499626,"Cary Grant, Eva Marie Saint, James Mason","0000026, 0001693, 0000051","$66,728"
0022100,103. M,1931,Passed,1h 39m,"Crime, Mystery, Thriller",Fritz Lang,0000485,"Thea von Harbou, Fritz Lang, Egon Jacobsohn","0902376, 0000485, 0414825","Peter Lorre, Ellen Widmann, Inge Landgut","0000048, 0927145, 0484737","$35,566"
14230458,104. Poor Things,2023,R,2h 21m,"Comedy, Drama, Romance",Yorgos Lanthimos,0487166,"Tony McNamara, Alasdair Gray","1110111, 1206865","Emma Stone, Mark Ruffalo, Willem Dafoe","1297015, 0749263, 0000353","$24,952,214"
0052357,105. Vertigo,1958,PG,2h 8m,"Mystery, Romance, Thriller",Alfred Hitchcock,0000033,"Alec Coppel, Samuel A. Taylor, Pierre Boileau","0178785, 0853138, 0092267","James Stewart, Kim Novak, Barbara Bel Geddes","0000071, 0001571, 0000895","$7,705,225"
0036775,106. Double Indemnity,1944,Passed,1h 47m,"Crime, Drama, Film-Noir",Billy Wilder,0000697,"Billy Wilder, Raymond Chandler, James M. Cain","0000697, 0151452, 0128906","Fred MacMurray, Barbara Stanwyck, Edward G. Robinson","0534045, 0001766, 0000064",
0086250,107. Scarface,1983,18+,2h 50m,"Crime, Drama",Brian De Palma,0000361,"Oliver Stone, Howard Hawks, Ben Hecht","0000231, 0001328, 0372942","Al Pacino, Michelle Pfeiffer, Steven Bauer","0000199, 0000201, 0000874","$45,967,303"
0211915,108. Amélie,2001,R,2h 2m,"Comedy, Romance",Jean-Pierre Jeunet,0000466,"Guillaume Laurant, Jean-Pierre Jeunet","0491011, 0000466","Audrey Tautou, Mathieu Kassovitz, Rufus","0851582, 0440913, 0749363","$33,225,499"
1255953,109. Incendies,2010,R,2h 11m,"Drama, Mystery, War",Denis Villeneuve,0898288,"Denis Villeneuve, Wajdi Mouawad, Valérie Beaugrand-Champagne","0898288, 1416431, 4034068","Lubna Azabal, Mélissa Désormeaux-Poulin, Maxim Gaudette","0044073, 0246386, 0309945","$2,071,334"
0093058,110. Full Metal Jacket,1987,R,1h 56m,"Drama, War",Stanley Kubrick,0000040,"Stanley Kubrick, Michael Herr, Gustav Hasford","0000040, 0380282, 0368007","Matthew Modine, R. Lee Ermey, Vincent D&apos;Onofrio","0000546, 0000388, 0000352","$46,357,676"
0066921,111. A Clockwork Orange,1971,X,2h 16m,"Crime, Sci-Fi",Stanley Kubrick,0000040,"Stanley Kubrick, Anthony Burgess","0000040, 0121256","Malcolm McDowell, Patrick Magee, Michael Bates","0000532, 0535861, 0060988","$26,617,553"
0113277,112. Heat,1995,R,2h 50m,"Action, Crime, Drama",Michael Mann,0000520,Michael Mann,0000520,"Al Pacino, Robert De Niro, Val Kilmer","0000199, 0000134, 0000174","$67,436,818"
1049413,113. Up,2009,PG,1h 36m,"Animation, Adventure, Comedy","Pete Docter, Bob Peterson","0230032, 0677037","Pete Docter, Bob Peterson, Tom McCarthy","0230032, 0677037, 0565336","Edward Asner, Jordan Nagai, John Ratzenberger","0000799, 2973712, 0001652","$293,004,164"
0056592,114. To Kill a Mockingbird,1962,Approved,2h 9m,"Crime, Drama",Robert Mulligan,0612322,"Harper Lee, Horton Foote","0497369, 0285210","Gregory Peck, John Megna, Frank Overton","0000060, 0576345, 0653942","$592,237"
0070735,115. The Sting,1973,PG,2h 9m,"Comedy, Crime, Drama",George Roy Hill,0001351,David S. Ward,0911486,"Paul Newman, Robert Redford, Robert Shaw","0000056, 0000602, 0001727","$156,000,000"
1832382,116. A Separation,2011,PG-13,2h 3m,Drama,Asghar Farhadi,1410815,Asghar Farhadi,1410815,"Payman Maadi, Leila Hatami, Sareh Bayat","1818216, 0368689, 4299147","$7,099,055"
0097576,117. Indiana Jones and the Last Crusade,1989,PG-13,2h 7m,"Action, Adventure",Steven Spielberg,0000229,"Jeffrey Boam, George Lucas, Menno Meyjes","0090151, 0000184, 0583675","Harrison Ford, Sean Connery, Alison Doody","0000148, 0000125, 0233145","$197,171,806"
8503618,118. Hamilton,2020,PG-13,2h 40m,"Biography, Drama, History",Thomas Kail,2371802,"Lin-Manuel Miranda, Ron Chernow","0592135, 2375857","Lin-Manuel Miranda, Phillipa Soo, Leslie Odom Jr.","0592135, 5623883, 1502434",
0095016,119. Die Hard,1988,R,2h 12m,"Action, Thriller",John McTiernan,0001532,"Roderick Thorp, Jeb Stuart, Steven E. de Souza","0861636, 0835732, 0211823","Bruce Willis, Alan Rickman, Bonnie Bedelia","0000246, 0000614, 0000889","$85,892,546"
0017136,120. Metropolis,1927,Not Rated,2h 33m,"Drama, Sci-Fi",Fritz Lang,0000485,"Thea von Harbou, Fritz Lang","0902376, 0000485","Brigitte Helm, Alfred Abel, Gustav Fröhlich","0375609, 0002154, 0297054","$1,236,166"
0986264,121. Like Stars on Earth,2007,PG,2h 42m,"Drama, Family","Aamir Khan, Amole Gupte","0451148, 1244760",Amole Gupte,1244760,"Darsheel Safary, Aamir Khan, Tanay Chheda","2594301, 0451148, 2540053","$1,223,869"
0208092,122. Snatch,2000,R,1h 42m,"Comedy, Crime",Guy Ritchie,0005363,Guy Ritchie,0005363,"Jason Statham, Brad Pitt, Stephen Graham","0005458, 0000093, 0334318","$30,328,156"
0040522,123. Bicycle Thieves,1948,Not Rated,1h 29m,Drama,Vittorio De Sica,0001120,"Cesare Zavattini, Luigi Bartolini, Oreste Biancoli","0953790, 0059030, 0080755","Lamberto Maggiorani, Enzo Staiola, Lianella Carell","0536009, 0821543, 0136794","$371,111"
0119488,124. L.A. Confidential,1997,R,2h 18m,"Crime, Drama, Mystery",Curtis Hanson,0000436,"James Ellroy, Brian Helgeland, Curtis Hanson","0255278, 0001338, 0000436","Kevin Spacey, Russell Crowe, Guy Pearce","0000228, 0000128, 0001602","$64,616,940"
8579674,125. 1917,2019,R,1h 59m,"Action, Drama, War",Sam Mendes,0005222,"Sam Mendes, Krysty Wilson-Cairns","0005222, 4880670","Dean-Charles Chapman, George MacKay, Daniel Mays","2835616, 1126657, 0990547","$159,227,644"
0075314,126. Taxi Driver,1976,R,1h 54m,"Crime, Drama",Martin Scorsese,0000217,Paul Schrader,0001707,"Robert De Niro, Jodie Foster, Cybill Shepherd","0000134, 0000149, 0001732","$28,262,574"
0363163,127. Downfall,2004,R,2h 36m,"Biography, Drama, History",Oliver Hirschbiegel,0386570,"Bernd Eichinger, Joachim Fest, Traudl Junge","0251536, 0275264, 0432622","Bruno Ganz, Alexandra Maria Lara, Ulrich Matthes","0004486, 0487884, 0559890","$5,509,040"
5074352,128. Dangal,2016,Not Rated,2h 41m,"Action, Biography, Drama",Nitesh Tiwari,4318159,"Piyush Gupta, Shreyas Jain, Nikhil Mehrotra","6328029, 6328031, 6328030","Aamir Khan, Sakshi Tanwar, Fatima Sana Shaikh","0451148, 2799219, 0760778","$12,391,761"
0059578,129. For a Few Dollars More,1965,R,2h 12m,"Drama, Western",Sergio Leone,0001466,"Sergio Leone, Fulvio Morsella, Luciano Vincenzoni","0001466, 0607694, 0898812","Clint Eastwood, Lee Van Cleef, Gian Maria Volontè","0000142, 0001812, 0002231","$15,000,000"
0372784,130. Batman Begins,2005,PG-13,2h 20m,"Action, Crime, Drama",Christopher Nolan,0634240,"Bob Kane, David S. Goyer, Christopher Nolan","0004170, 0275286, 0634240","Christian Bale, Michael Caine, Ken Watanabe","0000288, 0000323, 0913822","$206,863,479"
0053291,131. Some Like It Hot,1959,Passed,2h 1m,"Comedy, Music, Romance",Billy Wilder,0000697,"Billy Wilder, I.A.L. Diamond, Robert Thoeren","0000697, 0224634, 0858329","Marilyn Monroe, Tony Curtis, Jack Lemmon","0000054, 0000348, 0000493",
0993846,132. The Wolf of Wall Street,2013,R,3h,"Biography, Comedy, Crime",Martin Scorsese,0000217,"Terence Winter, Jordan Belfort","1010540, 0067789","Leonardo DiCaprio, Jonah Hill, Margot Robbie","0000138, 1706767, 3053338","$116,900,694"
0012349,133. The Kid,1921,Passed,1h 8m,"Comedy, Drama, Family",Charles Chaplin,0000122,Charles Chaplin,0000122,"Charles Chaplin, Edna Purviance, Jackie Coogan","0000122, 0701012, 0001067",
6966692,134. Green Book,2018,PG-13,2h 10m,"Biography, Comedy, Drama",Peter Farrelly,0268380,"Nick Vallelonga, Brian Hayes Currie, Peter Farrelly","0885014, 0192942, 0268380","Viggo Mortensen, Mahershala Ali, Linda Cardellini","0001557, 0991810, 0004802","$85,080,171"
10272386,135. The Father,2020,PG-13,1h 37m,"Drama, Mystery",Florian Zeller,1725469,"Christopher Hampton, Florian Zeller","0358960, 1725469","Anthony Hopkins, Olivia Colman, Mark Gatiss","0000164, 1469236, 0309693","$2,122,771"
1745960,136. Top Gun: Maverick,2022,PG-13,2h 10m,"Action, Drama",Joseph Kosinski,2676052,"Jim Cash, Jack Epps Jr., Peter Craig","0143596, 0258390, 0185976","Tom Cruise, Jennifer Connelly, Miles Teller","0000129, 0000124, 1886602","$718,732,821"
0042192,137. All About Eve,1950,Passed,2h 18m,Drama,Joseph L. Mankiewicz,0000581,"Joseph L. Mankiewicz, Mary Orr","0000581, 0650581","Bette Davis, Anne Baxter, George Sanders","0000012, 0000879, 0001695","$63,463"
0055031,138. Judgment at Nuremberg,1961,Approved,2h 59m,"Drama, War",Stanley Kramer,0006452,"Abby Mann, Montgomery Clift","0542631, 0001050","Spencer Tracy, Burt Lancaster, Richard Widmark","0000075, 0000044, 0001847",
0120382,139. The Truman Show,1998,PG,1h 43m,"Comedy, Drama",Peter Weir,0001837,Andrew Niccol,0629272,"Jim Carrey, Ed Harris, Laura Linney","0000120, 0000438, 0001473","$125,618,201"
0469494,140. There Will Be Blood,2007,R,2h 38m,Drama,Paul Thomas Anderson,0000759,"Paul Thomas Anderson, Upton Sinclair","0000759, 0801737","Daniel Day-Lewis, Paul Dano, Ciarán Hinds","0000358, 0200452, 0001354","$40,222,514"
1130884,141. Shutter Island,2010,R,2h 18m,"Mystery, Thriller",Martin Scorsese,0000217,"Laeta Kalogridis, Dennis Lehane","0436164, 1212331","Leonardo DiCaprio, Emily Mortimer, Mark Ruffalo","0000138, 0607865, 0749263","$128,012,934"
0112641,142. Casino,1995,R,2h 58m,"Crime, Drama",Martin Scorsese,0000217,"Nicholas Pileggi, Martin Scorsese","0683380, 0000217","Robert De Niro, Sharon Stone, Joe Pesci","0000134, 0000232, 0000582","$42,512,375"
0089881,143. Ran,1985,R,2h 40m,"Action, Drama, War",Akira Kurosawa,0000041,"Akira Kurosawa, Hideo Oguni, Masato Ide","0000041, 0644823, 0406836","Tatsuya Nakadai, Akira Terao, Jinpachi Nezu","0619938, 0855417, 0628704","$4,135,750"
0107290,144. Jurassic Park,1993,PG-13,2h 7m,"Action, Adventure, Sci-Fi",Steven Spielberg,0000229,"Michael Crichton, David Koepp","0000341, 0462895","Sam Neill, Laura Dern, Jeff Goldblum","0000554, 0000368, 0000156","$407,185,075"
0167404,145. The Sixth Sense,1999,PG-13,1h 47m,"Drama, Mystery, Thriller",M. Night Shyamalan,0796117,M. Night Shyamalan,0796117,"Bruce Willis, Haley Joel Osment, Toni Collette","0000246, 0005286, 0001057","$293,506,292"
0457430,146. Pan's Labyrinth,2006,R,1h 58m,"Drama, Fantasy, War",Guillermo del Toro,0868219,Guillermo del Toro,0868219,"Ivana Baquero, Ariadna Gil, Sergi López","1419440, 0317725, 0530365","$37,646,380"
0105695,147. Unforgiven,1992,R,2h 10m,"Drama, Western",Clint Eastwood,0000142,David Webb Peoples,0672459,"Clint Eastwood, Gene Hackman, Morgan Freeman","0000142, 0000432, 0000151","$101,167,799"
0268978,148. A Beautiful Mind,2001,PG-13,2h 15m,"Biography, Drama, Mystery",Ron Howard,0000165,"Akiva Goldsman, Sylvia Nasar","0326040, 0621586","Russell Crowe, Ed Harris, Jennifer Connelly","0000128, 0000438, 0000124","$170,742,341"
0477348,149. No Country for Old Men,2007,R,2h 2m,"Crime, Drama, Thriller","Ethan Coen, Joel Coen","0001053, 0001054","Joel Coen, Ethan Coen, Cormac McCarthy","0001054, 0001053, 0565092","Tommy Lee Jones, Javier Bardem, Josh Brolin","0000169, 0000849, 0000982","$74,283,625"
0040897,150. The Treasure of the Sierra Madre,1948,Passed,2h 6m,"Adventure, Drama, Western",John Huston,0001379,"John Huston, B. Traven","0001379, 0871252","Humphrey Bogart, Walter Huston, Tim Holt","0000007, 0404158, 0392529","$5,014,000"
0055630,151. Yojimbo,1961,Not Rated,1h 50m,"Action, Drama, Thriller",Akira Kurosawa,0000041,"Akira Kurosawa, Ryûzô Kikushima","0000041, 0452878","Toshirô Mifune, Eijirô Tôno, Tatsuya Nakadai","0001536, 0867391, 0619938","$46,808"
0084787,152. The Thing,1982,R,1h 49m,"Horror, Mystery, Sci-Fi",John Carpenter,0000118,"Bill Lancaster, John W. Campbell Jr.","0484111, 0132168","Kurt Russell, Wilford Brimley, Keith David","0000621, 0000979, 0202966","$19,857,465"
0266697,153. Kill Bill: Vol. 1,2003,R,1h 51m,"Action, Crime, Thriller",Quentin Tarantino,0000233,"Quentin Tarantino, Uma Thurman","0000233, 0000235","Uma Thurman, David Carradine, Daryl Hannah","0000235, 0001016, 0000435","$70,099,045"
0071853,154. Monty Python and the Holy Grail,1975,PG,1h 31m,"Adventure, Comedy, Fantasy","Terry Gilliam, Terry Jones","0000416, 0001402","Graham Chapman, John Cleese, Eric Idle","0001037, 0000092, 0001385","Graham Chapman, John Cleese, Eric Idle","0001037, 0000092, 0001385","$2,562,392"
0057115,155. The Great Escape,1963,Approved,2h 52m,"Adventure, Drama, History",John Sturges,0836328,"Paul Brickhill, James Clavell, W.R. Burnett","0108595, 0165412, 0122446","Steve McQueen, James Garner, Richard Attenborough","0000537, 0001258, 0000277",
0266543,156. Finding Nemo,2003,G,1h 40m,"Animation, Adventure, Comedy","Andrew Stanton, Lee Unkrich","0004056, 0881279","Andrew Stanton, Bob Peterson, David Reynolds","0004056, 0677037, 0721675","Albert Brooks, Ellen DeGeneres, Alexander Gould","0000983, 0001122, 1071252","$380,843,261"
0042876,157. Rashomon,1950,Not Rated,1h 28m,"Crime, Drama, Mystery",Akira Kurosawa,0000041,"Ryûnosuke Akutagawa, Akira Kurosawa, Shinobu Hashimoto","0015611, 0000041, 0368074","Toshirô Mifune, Machiko Kyô, Masayuki Mori","0001536, 0477553, 0605270","$46,808"
0080678,158. The Elephant Man,1980,PG,2h 4m,"Biography, Drama",David Lynch,0000186,"Christopher De Vore, Eric Bergren, David Lynch","0212246, 0075015, 0000186","Anthony Hopkins, John Hurt, Anne Bancroft","0000164, 0000457, 0000843","$26,010,864"
0347149,159. Howl's Moving Castle,2004,PG,1h 59m,"Animation, Adventure, Family",Hayao Miyazaki,0594503,"Hayao Miyazaki, Diana Wynne Jones","0594503, 1168510","Chieko Baishô, Takuya Kimura, Tatsuya Gashûin","0047962, 0454120, 0309107","$6,789,268"
0071315,160. Chinatown,1974,R,2h 10m,"Drama, Mystery, Thriller",Roman Polanski,0000591,"Robert Towne, Roman Polanski","0001801, 0000591","Jack Nicholson, Faye Dunaway, John Huston","0000197, 0001159, 0001379","$29,200,000"
1392214,161. Prisoners,2013,R,2h 33m,"Crime, Drama, Mystery",Denis Villeneuve,0898288,Aaron Guzikowski,3360706,"Hugh Jackman, Jake Gyllenhaal, Viola Davis","0413168, 0350453, 0205626","$61,002,302"
0046912,162. Dial M for Murder,1954,PG,1h 45m,"Crime, Thriller",Alfred Hitchcock,0000033,Frederick Knott,0461425,"Ray Milland, Grace Kelly, Robert Cummings","0001537, 0000038, 0191950","$24,845"
0031381,163. Gone with the Wind,1939,Passed,3h 58m,"Drama, Romance, War","Victor Fleming, George Cukor, Sam Wood","0281808, 0002030, 0939992","Margaret Mitchell, Sidney Howard, Oliver H.P. Garrett","0593565, 0397608, 0308177","Clark Gable, Vivien Leigh, Thomas Mitchell","0000022, 0000046, 0593775","$200,882,193"
0434409,164. V for Vendetta,2005,R,2h 12m,"Action, Drama, Sci-Fi",James McTeigue,0574625,"Lilly Wachowski, Lana Wachowski, David Lloyd","0905152, 0905154, 2331222","Hugo Weaving, Natalie Portman, Rupert Graves","0915989, 0000204, 0001291","$70,511,035"
0120735,"165. Lock, Stock and Two Smoking Barrels",1998,R,1h 47m,"Action, Comedy, Crime",Guy Ritchie,0005363,Guy Ritchie,0005363,"Jason Flemyng, Dexter Fletcher, Nick Moran","0002076, 0002077, 0602941","$3,753,929"
1305806,166. The Secret in Their Eyes,2009,R,2h 9m,"Drama, Mystery, Romance",Juan José Campanella,0002728,"Eduardo Sacheri, Juan José Campanella","3160078, 0002728","Ricardo Darín, Soledad Villamil, Pablo Rago","0201857, 0897845, 0706567","$6,391,436"
0081398,167. Raging Bull,1980,R,2h 9m,"Biography, Drama, Sport",Martin Scorsese,0000217,"Jake LaMotta, Joseph Carter, Peter Savage","0483766, 0141734, 0678014","Robert De Niro, Cathy Moriarty, Joe Pesci","0000134, 0001550, 0000582","$23,383,987"
2096673,168. Inside Out,2015,PG,1h 35m,"Animation, Adventure, Comedy","Pete Docter, Ronnie Del Carmen","0230032, 0215455","Pete Docter, Ronnie Del Carmen, Meg LeFauve","0230032, 0215455, 0498834","Amy Poehler, Bill Hader, Lewis Black","0688132, 0352778, 0085400","$356,921,711"
5027774,"169. Three Billboards Outside Ebbing, Missouri",2017,R,1h 55m,"Comedy, Crime, Drama",Martin McDonagh,1732981,Martin McDonagh,1732981,"Frances McDormand, Woody Harrelson, Sam Rockwell","0000531, 0000437, 0005377","$54,513,740"
0117951,170. Trainspotting,1996,R,1h 33m,Drama,Danny Boyle,0000965,"Irvine Welsh, John Hodge","0920543, 0388076","Ewan McGregor, Ewen Bremner, Jonny Lee Miller","0000191, 0001971, 0001538","$16,491,080"
0050212,171. The Bridge on the River Kwai,1957,PG,2h 41m,"Adventure, Drama, War",David Lean,0000180,"Pierre Boulle, Carl Foreman, Michael Wilson","0099541, 0286025, 0933858","William Holden, Alec Guinness, Jack Hawkins","0000034, 0000027, 0370144","$27,200,000"
10872600,172. Spider-Man: No Way Home,2021,PG-13,2h 28m,"Action, Adventure, Fantasy",Jon Watts,1218281,"Chris McKenna, Erik Sommers, Stan Lee","0571344, 1273099, 0498278","Tom Holland, Zendaya, Benedict Cumberbatch","4043618, 3918035, 1212722","$814,115,070"
0116282,173. Fargo,1996,R,1h 38m,"Crime, Thriller","Joel Coen, Ethan Coen","0001054, 0001053","Ethan Coen, Joel Coen","0001053, 0001054","William H. Macy, Frances McDormand, Steve Buscemi","0000513, 0000531, 0000114","$24,611,975"
23289160,174. Godzilla Minus One,2023,PG-13,2h 4m,"Action, Adventure, Drama",Takashi Yamazaki,0945724,"Ishirô Honda, Takeo Murata, Takashi Yamazaki","0393094, 0613609, 0945724","Minami Hamabe, Sakura Ando, Ryunosuke Kamiki","4947538, 2747232, 1126340","$55,400,192"
1291584,175. Warrior,2011,PG-13,2h 20m,"Action, Drama, Sport",Gavin O&apos;Connor,0640334,"Gavin O&apos;Connor, Anthony Tambakis, Cliff Dorfman","0640334, 3294574, 0233561","Tom Hardy, Nick Nolte, Joel Edgerton","0362766, 0000560, 0249291","$13,657,115"
4729430,176. Klaus,2019,PG,1h 36m,"Animation, Adventure, Comedy","Sergio Pablos, Carlos Martínez López","0655053, 3582089","Sergio Pablos, Jim Mahoney, Zach Lewis","0655053, 2700235, 2082813","Jason Schwartzman, J.K. Simmons, Rashida Jones","0005403, 0799777, 0429069",
0264464,177. Catch Me If You Can,2002,PG-13,2h 21m,"Biography, Crime, Drama",Steven Spielberg,0000229,"Frank Abagnale Jr., Stan Redding, Jeff Nathanson","0007646, 1127221, 0622288","Leonardo DiCaprio, Tom Hanks, Christopher Walken","0000138, 0000158, 0000686","$164,615,351"
1205489,178. Gran Torino,2008,R,1h 56m,Drama,Clint Eastwood,0000142,"Nick Schenk, Dave Johannson","1010405, 3164738","Clint Eastwood, Bee Vang, Christopher Carley","0000142, 3057402, 1542291","$148,095,302"
0096283,179. My Neighbor Totoro,1988,G,1h 26m,"Animation, Comedy, Family",Hayao Miyazaki,0594503,Hayao Miyazaki,0594503,"Hitoshi Takagi, Noriko Hidaka, Chika Sakamoto","0847054, 0383022, 0757076","$2,250,213"
0405159,180. Million Dollar Baby,2004,PG-13,2h 12m,"Drama, Sport",Clint Eastwood,0000142,"Paul Haggis, F.X. Toole","0353673, 0101801","Hilary Swank, Clint Eastwood, Morgan Freeman","0005476, 0000142, 0000151","$100,492,203"
1201607,181. Harry Potter and the Deathly Hallows: Part 2,2011,PG-13,2h 10m,"Adventure, Family, Fantasy",David Yates,0946734,"Steve Kloves, J.K. Rowling","0460141, 0746830","Daniel Radcliffe, Emma Watson, Rupert Grint","0705356, 0914612, 0342488","$381,447,587"
0118849,182. Children of Heaven,1997,PG,1h 29m,"Drama, Family, Sport",Majid Majidi,0006498,Majid Majidi,0006498,"Mohammad Amir Naji, Amir Farrokh Hashemian, Bahare Seddiqi","0619870, 0268488, 0781245","$933,933"
0083658,183. Blade Runner,1982,R,1h 57m,"Action, Drama, Sci-Fi",Ridley Scott,0000631,"Hampton Fancher, David Webb Peoples, Philip K. Dick","0266684, 0672459, 0001140","Harrison Ford, Rutger Hauer, Sean Young","0000148, 0000442, 0000707","$32,914,489"
2024544,184. 12 Years a Slave,2013,R,2h 14m,"Biography, Drama, History",Steve McQueen,2588606,"John Ridley, Solomon Northup","0725983, 1185849","Chiwetel Ejiofor, Michael Kenneth Williams, Michael Fassbender","0252230, 0931324, 1055413","$56,671,993"
0112471,185. Before Sunrise,1995,R,1h 41m,"Drama, Romance",Richard Linklater,0000500,"Richard Linklater, Kim Krizan","0000500, 0471811","Ethan Hawke, Julie Delpy, Andrea Eckert","0000160, 0000365, 0248600","$5,535,405"
2278388,186. The Grand Budapest Hotel,2014,R,1h 39m,"Adventure, Comedy, Crime",Wes Anderson,0027572,"Stefan Zweig, Wes Anderson, Hugo Guinness","0959003, 0027572, 2450453","Ralph Fiennes, F. Murray Abraham, Mathieu Amalric","0000146, 0000719, 0023832","$59,301,324"
0052618,187. Ben-Hur,1959,G,3h 32m,"Adventure, Drama",William Wyler,0943758,"Lew Wallace, Karl Tunberg, Gore Vidal","0908753, 0876562, 0000683","Charlton Heston, Jack Hawkins, Stephen Boyd","0000032, 0370144, 0000963","$74,432,704"
0072684,188. Barry Lyndon,1975,PG,3h 5m,"Adventure, Drama, War",Stanley Kubrick,0000040,"Stanley Kubrick, William Makepeace Thackeray","0000040, 0856842","Ryan O&apos;Neal, Marisa Berenson, Patrick Magee","0641939, 0001943, 0535861",
2267998,189. Gone Girl,2014,R,2h 29m,"Drama, Mystery, Thriller",David Fincher,0000399,Gillian Flynn,5058839,"Ben Affleck, Rosamund Pike, Neil Patrick Harris","0000255, 0683253, 0000439","$167,767,189"
0015864,190. The Gold Rush,1925,Passed,1h 35m,"Adventure, Comedy, Drama",Charles Chaplin,0000122,Charles Chaplin,0000122,"Charles Chaplin, Mack Swain, Tom Murray","0000122, 0841501, 0615306",
2119532,191. Hacksaw Ridge,2016,R,2h 19m,"Biography, Drama, History",Mel Gibson,0000154,"Robert Schenkkan, Andrew Knight","0770938, 0460795","Andrew Garfield, Sam Worthington, Luke Bracey","1940449, 0941777, 3478396","$67,209,615"
0107207,192. In the Name of the Father,1993,R,2h 13m,"Biography, Crime, Drama",Jim Sheridan,0006487,"Gerry Conlon, Terry George, Jim Sheridan","0174840, 0313623, 0006487","Daniel Day-Lewis, Pete Postlethwaite, Alison Crosbie","0000358, 0000592, 0188949","$25,096,862"
0353969,193. Memories of Murder,2003,Not Rated,2h 12m,"Crime, Drama, Mystery",Bong Joon Ho,0094435,"Bong Joon Ho, Kwang-rim Kim, Sung-bo Shim","0094435, 1323286, 1646563","Song Kang-ho, Kim Sang-kyung, Kim Roe-ha","0814280, 1235292, 1323287","$15,357"
0047296,194. On the Waterfront,1954,Approved,1h 48m,"Crime, Drama, Thriller",Elia Kazan,0001415,"Budd Schulberg, Malcolm Johnson, Robert Siodmak","0775977, 0425711, 0802563","Marlon Brando, Karl Malden, Lee J. Cobb","0000008, 0001500, 0002011",
0017925,195. The General,1926,Passed,1h 18m,"Action, Adventure, Comedy","Clyde Bruckman, Buster Keaton","0115669, 0000036","Buster Keaton, Clyde Bruckman, Al Boasberg","0000036, 0115669, 0090213","Buster Keaton, Marion Mack, Glen Cavender","0000036, 0533045, 0147070",
0077416,196. The Deer Hunter,1978,R,3h 3m,"Drama, War",Michael Cimino,0001047,"Michael Cimino, Deric Washburn, Louis Garfinkle","0001047, 0913346, 0307311","Robert De Niro, Christopher Walken, John Cazale","0000134, 0000686, 0001030","$48,979,328"
0097165,197. Dead Poets Society,1989,PG,2h 8m,"Comedy, Drama",Peter Weir,0001837,Tom Schulman,0776114,"Robin Williams, Robert Sean Leonard, Ethan Hawke","0000245, 0000494, 0000160","$95,860,116"
3011894,198. Wild Tales,2014,R,2h 2m,"Comedy, Drama, Thriller",Damián Szifron,1167933,"Julian Loyola, Damián Szifron, Germán Servidio","2265326, 1167933, 1238855","Darío Grandinetti, María Marull, Mónica Villa","0334882, 0555404, 0897640","$3,106,530"
1392190,199. Mad Max: Fury Road,2015,R,2h,"Action, Adventure, Sci-Fi",George Miller,0004306,"George Miller, Brendan McCarthy, Nick Lathouris","0004306, 0565068, 0490147","Tom Hardy, Charlize Theron, Nicholas Hoult","0362766, 0000234, 0396558","$154,280,290"
0050986,200. Wild Strawberries,1957,Not Rated,1h 31m,"Drama, Romance",Ingmar Bergman,0000005,Ingmar Bergman,0000005,"Victor Sjöström, Bibi Andersson, Ingrid Thulin","0803705, 0000761, 0862026",
0015324,201. Sherlock Jr.,1924,Passed,45m,"Action, Comedy, Romance",Buster Keaton,0000036,"Jean C. Havez, Joseph A. Mitchell, Clyde Bruckman","0369841, 0593477, 0115669","Buster Keaton, Kathryn McGuire, Joe Keaton","0000036, 0570230, 0444172",
0041959,202. The Third Man,1949,Approved,1h 33m,"Film-Noir, Mystery, Thriller",Carol Reed,0715346,"Graham Greene, Orson Welles, Alexander Korda","0001294, 0000080, 0466099","Orson Welles, Joseph Cotten, Alida Valli","0000080, 0001072, 0885098","$1,067,364"
0046268,203. The Wages of Fear,1953,Not Rated,2h 11m,"Adventure, Drama, Thriller",Henri-Georges Clouzot,0167241,"Georges Arnaud, Henri-Georges Clouzot, Jérôme Géronimi","1064118, 0167241, 0350823","Yves Montand, Charles Vanel, Peter van Eyck","0598971, 0889024, 0886870",
0198781,"204. Monsters, Inc.",2001,G,1h 32m,"Animation, Adventure, Comedy","Pete Docter, David Silverman, Lee Unkrich","0230032, 0798899, 0881279","Pete Docter, Jill Culton, Jeff Pidgeon","0230032, 0191717, 0682066","Billy Crystal, John Goodman, Mary Gibbs","0000345, 0000422, 0316701","$290,642,256"
0073195,205. Jaws,1975,PG,2h 4m,"Adventure, Mystery, Thriller",Steven Spielberg,0000229,"Peter Benchley, Carl Gottlieb","0001940, 0331956","Roy Scheider, Robert Shaw, Richard Dreyfuss","0001702, 0001727, 0000377","$266,567,580"
0892769,206. How to Train Your Dragon,2010,PG,1h 38m,"Animation, Action, Adventure","Dean DeBlois, Chris Sanders","0213450, 0761498","William Davies, Dean DeBlois, Chris Sanders","0204030, 0213450, 0761498","Jay Baruchel, Gerard Butler, Christopher Mintz-Plasse","0059431, 0124930, 2395586","$217,581,231"
0031679,207. Mr. Smith Goes to Washington,1939,Passed,2h 9m,"Comedy, Drama",Frank Capra,0001008,"Sidney Buchman, Lewis R. Foster, Myles Connolly","0118227, 0287931, 0175333","James Stewart, Jean Arthur, Claude Rains","0000071, 0000795, 0001647","$144,738"
0978762,208. Mary and Max,2009,Not Rated,1h 32m,"Animation, Comedy, Drama",Adam Elliot,0254178,Adam Elliot,0254178,"Toni Collette, Philip Seymour Hoffman, Eric Bana","0001057, 0000450, 0051509",
1950186,209. Ford v Ferrari,2019,PG-13,2h 32m,"Action, Biography, Drama",James Mangold,0003506,"Jez Butterworth, John-Henry Butterworth, Jason Keller","0125336, 3890871, 0445669","Matt Damon, Christian Bale, Jon Bernthal","0000354, 0000288, 1256532","$117,624,357"
0382932,210. Ratatouille,2007,G,1h 51m,"Animation, Adventure, Comedy","Brad Bird, Jan Pinkava","0083348, 0684342","Brad Bird, Jan Pinkava, Jim Capobianco","0083348, 0684342, 0135296","Brad Garrett, Lou Romano, Patton Oswalt","0004951, 0738918, 0652663","$206,445,654"
0050976,211. The Seventh Seal,1957,Not Rated,1h 36m,"Drama, Fantasy",Ingmar Bergman,0000005,Ingmar Bergman,0000005,"Max von Sydow, Gunnar Björnstrand, Bengt Ekerot","0001884, 0085038, 0252345",
3170832,212. Room,2015,R,1h 58m,"Drama, Thriller",Lenny Abrahamson,1049433,Emma Donoghue,1480980,"Brie Larson, Jacob Tremblay, Sean Bridgers","0488953, 5016878, 0108703","$14,677,654"
0118715,213. The Big Lebowski,1998,R,1h 57m,"Comedy, Crime","Joel Coen, Ethan Coen","0001054, 0001053","Ethan Coen, Joel Coen","0001053, 0001054","Jeff Bridges, John Goodman, Julianne Moore","0000313, 0000422, 0000194","$19,301,403"
0046438,214. Tokyo Story,1953,Not Rated,2h 16m,Drama,Yasujirô Ozu,0654868,"Kôgo Noda, Yasujirô Ozu","0633792, 0654868","Chishû Ryû, Chieko Higashiyama, Sô Yamamura","0753479, 0383261, 0945522",
0075148,215. Rocky,1976,PG,2h,"Drama, Sport",John G. Avildsen,0000814,Sylvester Stallone,0000230,"Sylvester Stallone, Talia Shire, Burt Young","0000230, 0001735, 0949350","$117,235,147"
0395169,216. Hotel Rwanda,2004,PG-13,2h 1m,"Biography, Drama, History",Terry George,0313623,"Keir Pearson, Terry George","0669311, 0313623","Don Cheadle, Sophie Okonedo, Joaquin Phoenix","0000332, 0645683, 0001618","$23,530,892"
3315342,217. Logan,2017,R,2h 17m,"Action, Drama, Sci-Fi",James Mangold,0003506,"James Mangold, Scott Frank, Michael Green","0003506, 0291082, 0338169","Hugh Jackman, Patrick Stewart, Dafne Keen","0413168, 0001772, 6748436","$226,277,068"
1895587,218. Spotlight,2015,R,2h 9m,"Biography, Crime, Drama",Tom McCarthy,0565336,"Josh Singer, Tom McCarthy","1802857, 0565336","Mark Ruffalo, Michael Keaton, Rachel McAdams","0749263, 0000474, 1046097","$45,055,776"
0091763,219. Platoon,1986,R,2h,"Drama, War",Oliver Stone,0000231,Oliver Stone,0000231,"Charlie Sheen, Tom Berenger, Willem Dafoe","0000221, 0000297, 0000353","$138,530,565"
0088247,220. The Terminator,1984,R,1h 47m,"Action, Sci-Fi",James Cameron,0000116,"James Cameron, Gale Anne Hurd, William Wisher","0000116, 0005036, 0936537","Arnold Schwarzenegger, Linda Hamilton, Michael Biehn","0000216, 0000157, 0000299","$38,371,200"
0019254,221. The Passion of Joan of Arc,1928,Passed,1h 54m,"Biography, Drama, History",Carl Theodor Dreyer,0003433,"Joseph Delteil, Carl Theodor Dreyer","0217865, 0003433","Maria Falconetti, Eugene Silvain, André Berley","0266029, 0798564, 0075551","$21,877"
15097216,222. Jai Bhim,2021,TV-MA,2h 44m,"Crime, Drama, Mystery",T.J. Gnanavel,4377096,"T.J. Gnanavel, Rajendra Sapre","4377096, 13222819","Suriya, Lijo Mol Jose, Manikandan K.","1421814, 7934649, 8904193",
0381681,223. Before Sunset,2004,R,1h 20m,"Drama, Romance",Richard Linklater,0000500,"Richard Linklater, Julie Delpy, Ethan Hawke","0000500, 0000365, 0000160","Ethan Hawke, Julie Delpy, Vernon Dobtcheff","0000160, 0000365, 0229943","$5,820,649"
0036868,224. The Best Years of Our Lives,1946,Approved,2h 50m,"Drama, Romance, War",William Wyler,0943758,"Robert E. Sherwood, MacKinlay Kantor","0792845, 0437969","Myrna Loy, Dana Andrews, Fredric March","0001485, 0000763, 0545298","$23,650,000"
0113247,225. La haine,1995,Not Rated,1h 38m,"Crime, Drama",Mathieu Kassovitz,0440913,Mathieu Kassovitz,0440913,"Vincent Cassel, Hubert Koundé, Saïd Taghmaoui","0001993, 0468003, 0846548","$280,859"
1979320,226. Rush,2013,R,2h 3m,"Action, Biography, Drama",Ron Howard,0000165,Peter Morgan,0604948,"Daniel Brühl, Chris Hemsworth, Olivia Wilde","0117709, 1165110, 1312575","$26,947,624"
0074958,227. Network,1976,R,2h 1m,Drama,Sidney Lumet,0001486,Paddy Chayefsky,0154665,"Faye Dunaway, William Holden, Peter Finch","0001159, 0000034, 0002075","$23,689,877"
0070047,228. The Exorcist,1973,R,2h 2m,Horror,William Friedkin,0001243,William Peter Blatty,0087861,"Ellen Burstyn, Max von Sydow, Linda Blair","0000995, 0001884, 0000304","$233,005,644"
0092005,229. Stand by Me,1986,R,1h 29m,"Adventure, Comedy, Drama",Rob Reiner,0001661,"Stephen King, Raynold Gideon, Bruce A. Evans","0000175, 0317279, 0262595","Wil Wheaton, River Phoenix, Corey Feldman","0000696, 0000203, 0000397","$52,287,414"
0325980,230. Pirates of the Caribbean: The Curse of the Black Pearl,2003,PG-13,2h 23m,"Action, Adventure, Fantasy",Gore Verbinski,0893659,"Ted Elliott, Terry Rossio, Stuart Beattie","0254645, 0744429, 0064181","Johnny Depp, Geoffrey Rush, Orlando Bloom","0000136, 0001691, 0089217","$305,413,918"
0032138,231. The Wizard of Oz,1939,G,1h 42m,"Adventure, Family, Fantasy","Victor Fleming, King Vidor","0281808, 0896542","Noel Langley, Florence Ryerson, Edgar Allan Woolf","0486538, 0753249, 0941138","Judy Garland, Frank Morgan, Ray Bolger","0000023, 0604656, 0001961","$24,668,669"
0317705,232. The Incredibles,2004,PG,1h 55m,"Animation, Action, Adventure",Brad Bird,0083348,Brad Bird,0083348,"Craig T. Nelson, Samuel L. Jackson, Holly Hunter","0005266, 0000168, 0000456","$261,441,092"
0758758,233. Into the Wild,2007,R,2h 28m,"Adventure, Biography, Drama",Sean Penn,0000576,"Sean Penn, Jon Krakauer","0000576, 1040556","Emile Hirsch, Vince Vaughn, Catherine Keener","0386472, 0000681, 0001416","$18,354,356"
1028532,234. Hachi: A Dog's Tale,2009,G,1h 33m,"Biography, Drama, Family",Lasse Hallström,0002120,"Stephen P. Lindsey, Kaneto Shindô","2124742, 0793881","Richard Gere, Joan Allen, Cary-Hiroyuki Tagawa","0000152, 0000260, 0846480",
4016934,235. The Handmaiden,2016,Not Rated,2h 25m,"Drama, Romance, Thriller",Park Chan-wook,0661791,"Sarah Waters, Chung Seo-kyung, Park Chan-wook","1258797, 1941029, 0661791","Kim Min-hee, Ha Jung-woo, Cho Jin-woong","1195119, 1978402, 2437361","$2,006,788"
0035446,236. To Be or Not to Be,1942,Passed,1h 39m,"Comedy, Romance, War",Ernst Lubitsch,0523932,"Melchior Lengyel, Edwin Justus Mayer, Ernst Lubitsch","0501872, 0562372, 0523932","Carole Lombard, Jack Benny, Robert Stack","0001479, 0000912, 0821041","$3,270,000"
0476735,237. My Father and My Son,2005,Not Rated,1h 52m,"Drama, Family",Çagan Irmak,1463981,Çagan Irmak,1463981,"Çetin Tekindor, Fikret Kuskan, Hümeyra","1002038, 0476334, 0406157",
0032551,238. The Grapes of Wrath,1940,Passed,2h 9m,Drama,John Ford,0000406,"Nunnally Johnson, John Steinbeck","0425913, 0825705","Henry Fonda, Jane Darwell, John Carradine","0000020, 0002034, 0001017",
0058946,239. The Battle of Algiers,1966,Not Rated,2h 1m,"Drama, War",Gillo Pontecorvo,0690597,"Franco Solinas, Gillo Pontecorvo","0758357, 0690597","Brahim Hadjadj, Jean Martin, Yacef Saadi","0352835, 0552483, 0754272","$879,794"
0107048,240. Groundhog Day,1993,PG,1h 41m,"Comedy, Drama, Fantasy",Harold Ramis,0000601,"Danny Rubin, Harold Ramis","0748035, 0000601","Bill Murray, Andie MacDowell, Chris Elliott","0000195, 0000510, 0254402","$71,107,962"
0059742,241. The Sound of Music,1965,G,2h 52m,"Biography, Drama, Family",Robert Wise,0936404,"Georg Hurdalek, Howard Lindsay, Russel Crouse","0403346, 0512231, 0189496","Julie Andrews, Christopher Plummer, Eleanor Parker","0000267, 0001626, 0662223","$159,287,539"
0245712,242. Amores Perros,2000,R,2h 34m,"Drama, Thriller",Alejandro G. Iñárritu,0327944,Guillermo Arriaga,0037247,"Emilio Echevarría, Gael García Bernal, Goya Toledo","0248408, 0305558, 0865949","$5,408,467"
0032976,243. Rebecca,1940,Approved,2h 10m,"Drama, Film-Noir, Mystery",Alfred Hitchcock,0000033,"Daphne Du Maurier, Robert E. Sherwood, Joan Harrison","0238898, 0792845, 0365661","Laurence Olivier, Joan Fontaine, George Sanders","0000059, 0000021, 0001695",
0061512,244. Cool Hand Luke,1967,GP,2h 7m,"Crime, Drama",Stuart Rosenberg,0742341,"Donn Pearce, Frank Pierson, Hal Dresner","0668914, 0682757, 0237543","Paul Newman, George Kennedy, Strother Martin","0000056, 0001421, 0001510",
0129167,245. The Iron Giant,1999,PG,1h 26m,"Animation, Action, Adventure",Brad Bird,0083348,"Tim McCanlies, Brad Bird, Ted Hughes","0564827, 0083348, 0400954","Eli Marienthal, Harry Connick Jr., Jennifer Aniston","0547349, 0001065, 0000098","$23,315,035"
1454029,246. The Help,2011,PG-13,2h 26m,Drama,Tate Taylor,0853238,"Tate Taylor, Kathryn Stockett","0853238, 3543826","Viola Davis, Emma Stone, Octavia Spencer","0205626, 1297015, 0818055","$169,708,112"
0025316,247. It Happened One Night,1934,Passed,1h 45m,"Comedy, Romance",Frank Capra,0001008,"Robert Riskin, Samuel Hopkins Adams","0728307, 0011343","Clark Gable, Claudette Colbert, Walter Connolly","0000022, 0001055, 0175369",
0053198,248. The 400 Blows,1959,Not Rated,1h 39m,"Crime, Drama",François Truffaut,0000076,"François Truffaut, Marcel Moussy","0000076, 0610115","Jean-Pierre Léaud, Albert Rémy, Claire Maurier","0529543, 0753716, 0561158",$509
4430212,249. Drishyam,2015,Not Rated,2h 43m,"Crime, Drama, Mystery",Nishikant Kamat,1723225,"Jeethu Joseph, Upendra Sidhaye","2572228, 3179723","Ajay Devgn, Shriya Saran, Tabu","0222426, 1328152, 0007102",
1954470,250. Gangs of Wasseypur,2012,Not Rated,5h 21m,"Action, Comedy, Crime",Anurag Kashyap,0440604,"Akhilesh Jaiswal, Anurag Kashyap, Sachin K. Ladia","4556524, 0440604, 4556473","Manoj Bajpayee, Nawazuddin Siddiqui, Tigmanshu Dhulia","0048075, 1596350, 0223606",
